LastName,FirstName,Gender,DateOfBirth,AddressLine1,Column6,City,State,ZipCode,Column10,Column11,Column12,EffectiveStart,EffectiveEnd,Column15,ClientMemberID,Column17,Column18,ServiceOffering,GroupID,Column21,Column22,Column23,Column24,Column25
Lastname1,Firstname1,F,10/08/1995,1 Main Street,,TestCity,TX,77801,,,,04/08/2025,,,TEST000001,,,MEDICAL,807095,,,,,
Lastname2,Firstname2,M,10/08/1995,2 Main Street,,TestCity,TX,77802,,,,04/08/2025,,,TEST000002,,,MEDICAL,807095,,,,,
Lastname3,Firstname3,F,10/08/1995,3 Main Street,,TestCity,TX,77803,,,,04/08/2025,,,TEST000003,,,MEDICAL,807095,,,,,
Lastname100,Firstname100,M,10/08/1995,100 Main Street,,TestCity,TX,77800,,,,07/08/2025,,,TEST000100,,,MEDICAL,807095,,,,,
Lastname100,Firstname100,M,10/08/1995,100 Main Street,,TestCity,TX,77800,,,,04/08/2025,09/08/2025,,TEST000100,,,MEDICAL,807095,,,,,
Lastname200,Firstname200,M,10/08/1995,200 Main Street,,TestCity,TX,77800,,,,10/08/2024,,,TEST000200,,,MEDICAL,807095,,,,,
Lastname200,Firstname200,M,10/08/1995,200 Main Street,,TestCity,TX,77800,,,,07/08/2025,,,TEST000200,,,MEDICAL,807095,,,,,
Lastname300,Firstname300,M,10/08/1995,300 Main Street,,TestCity,TX,77800,,,,10/08/2023,,,TEST000300,,,MEDICAL,807095,,,,,
Lastname300,Firstname300,M,10/08/1995,300 Main Street,,TestCity,TX,77800,,,,10/08/2024,,,TEST000300,,,MEDICAL,807095,,,,,
Lastname300,Firstname300,M,10/08/1995,300 Main Street,,TestCity,TX,77800,,,,07/08/2025,,,TEST000300,,,MEDICAL,807095,,,,,
